superkingdom	phylum	class	order	family	genus
t1696	Bacteria	Patescibacteria	Saccharimonadia	Saccharimonadales	Saccharimonadaceae	UBA2866
t2308	Bacteria	Firmicutes	Clostridia	TANB77	CAG-508	CAG-354
t1454	Bacteria	Firmicutes	Bacilli	Lactobacillales	Lactobacillaceae	Lactobacillus
t1285	Bacteria	Firmicutes	Bacilli	Lactobacillales	Streptococcaceae	Streptococcus
t1907	Bacteria	Firmicutes	Clostridia	Oscillospirales	Acutalibacteraceae	Eubacterium_R
t2433	Bacteria	Firmicutes	Bacilli	Erysipelotrichales	Erysipelotrichaceae	Dubosiella
t1402	Bacteria	Firmicutes	Bacilli	Lactobacillales	Lactobacillaceae	Ligilactobacillus
t1408	Bacteria	Firmicutes	Bacilli	Erysipelotrichales	Erysipelatoclostridiaceae	Erysipelatoclostridium
t5828	Bacteria	Firmicutes	Clostridia	Lachnospirales	Lachnospiraceae	Dorea_B
t1607	Bacteria	Firmicutes	Bacilli	Lactobacillales	Lactobacillaceae	Limosilactobacillus
t4854	Bacteria	Firmicutes	Clostridia	Lachnospirales	Lachnospiraceae	Lachnoclostridium_B
t1664	Bacteria	Firmicutes	Clostridia	Lachnospirales	Lachnospiraceae	UBA3282
t3414	Bacteria	Campylobacterota	Campylobacteria	Campylobacterales	Helicobacteraceae	Helicobacter_D
t2663	Bacteria	Bacteroidota	Bacteroidia	Bacteroidales	Muribaculaceae	Muribaculum
t4148	Bacteria	Bacteroidota	Bacteroidia	Bacteroidales	Muribaculaceae	Duncaniella
t3384	Bacteria	Verrucomicrobiota	Verrucomicrobiae	Verrucomicrobiales	Akkermansiaceae	Akkermansia
t786	Bacteria	Bacteroidota	Bacteroidia	Bacteroidales	Bacteroidaceae	Prevotella
t2299	Bacteria	Firmicutes	Bacilli	Erysipelotrichales	Erysipelatoclostridiaceae	Longibaculum
t2451	Bacteria	Firmicutes	Clostridia	Oscillospirales	Oscillospiraceae	Lawsonibacter
t2305	Bacteria	Bacteroidota	Bacteroidia	Bacteroidales	Muribaculaceae	CAG-485
t3648	Bacteria	Firmicutes	Clostridia	Monoglobales_A	UBA1381	CAG-41
t3594	Bacteria	Firmicutes	Bacilli	RF39	UBA660	CAG-582
t684	Bacteria	Firmicutes	Clostridia	TANB77	CAG-465	CAG-465
t5350	Bacteria	Firmicutes	Clostridia	Lachnospirales	Lachnospiraceae	CAG-317
t4094	Bacteria	Proteobacteria	Gammaproteobacteria	Enterobacterales	Enterobacteriaceae	Escherichia
t2432	Bacteria	Firmicutes	Clostridia	Lachnospirales	Lachnospiraceae	COE1
t7201	Bacteria	Firmicutes	Bacilli	RF39	UBA660	CAG-594
t3775	Bacteria	Bacteroidota	Bacteroidia	Bacteroidales	Paludibacteraceae	SFVR01
t1277	Bacteria	Bacteroidota	Bacteroidia	Bacteroidales	Bacteroidaceae	Bacteroides
t1149	Bacteria	Bacteroidota	Bacteroidia	Bacteroidales	Muribaculaceae	CAG-873
t1940	Bacteria	Bacteroidota	Bacteroidia	Bacteroidales	Muribaculaceae	UBA7173
t797	Bacteria	Bacteroidota	Bacteroidia	Bacteroidales	UBA932	RC9
t2631	Bacteria	Firmicutes	Clostridia	Lachnospirales	Lachnospiraceae	Schaedlerella
t8770	Bacteria	Firmicutes	Bacilli	Erysipelotrichales	Erysipelotrichaceae	C-19
t1813	Bacteria	Firmicutes	Clostridia	Lachnospirales	Lachnospiraceae	CAG-95
t4760	Bacteria	Firmicutes	Clostridia	Lachnospirales	Lachnospiraceae	TF01-11
t4070	Bacteria	Firmicutes	Clostridia	Lachnospirales	Lachnospiraceae	Blautia
t9121	Bacteria	Firmicutes	Clostridia	Monoglobales_A	UBA1381	HGM11530
t1565	Bacteria	Firmicutes	Clostridia	Oscillospirales	Oscillospiraceae	Flavonifractor
t2741	Bacteria	Firmicutes	Bacilli	Staphylococcales	Gemellaceae	Gemella
t1348	Bacteria	Bacteroidota	Bacteroidia	Bacteroidales	Bacteroidaceae	Phocaeicola
t4759	Bacteria	Firmicutes	Clostridia	Lachnospirales	Lachnospiraceae	Eubacterium_F
t3858	Bacteria	Firmicutes	Bacilli	RF39	UBA660	DUUS01
t4573	Bacteria	Actinobacteriota	Coriobacteriia	Coriobacteriales	Eggerthellaceae	CAG-1427
t8986	Bacteria	Desulfobacterota	Desulfovibrionia	Desulfovibrionales	Desulfovibrionaceae	Mailhella
t3598	Bacteria	Bacteroidota	Bacteroidia	Bacteroidales	UBA932	CAG-831
t9030	Bacteria	Firmicutes	Clostridia	Lachnospirales	Anaerotignaceae	ASF356
t4719	Bacteria	Proteobacteria	Gammaproteobacteria	Enterobacterales	Enterobacteriaceae	Klebsiella_A
t1178	Bacteria	Firmicutes	Bacilli	RF39	UBA660	UBA3789
t5688	Bacteria	Firmicutes	Bacilli	Erysipelotrichales	Erysipelatoclostridiaceae	Stoquefichus
t1292	Bacteria	Firmicutes	Negativicutes	Selenomonadales	Selenomonadaceae	Centipeda
t7622	Bacteria	Firmicutes	Bacilli	RF39	UBA660	UMGS995
t4197	Bacteria	Bacteroidota	Bacteroidia	Bacteroidales	Muribaculaceae	UBA3263
t3908	Bacteria	Firmicutes	Bacilli	Erysipelotrichales	Erysipelatoclostridiaceae	Faecalibacillus
t3310	Bacteria	Firmicutes	Clostridia	Oscillospirales	Acutalibacteraceae	Caproiciproducens
t2610	Bacteria	Firmicutes	Clostridia	Lachnospirales	Lachnospiraceae	UBA9502
t8259	Bacteria	Firmicutes	Bacilli	RF39	UBA660	UBA7057
t1870	Bacteria	Firmicutes	Clostridia	Oscillospirales	Oscillospiraceae	Dysosmobacter
t870	Bacteria	Firmicutes	Bacilli	Staphylococcales	Staphylococcaceae	Staphylococcus
t1237	Bacteria	Bacteroidota	Bacteroidia	Bacteroidales	Tannerellaceae	Parabacteroides
t7190	Bacteria	Firmicutes	Clostridia	Lachnospirales	Lachnospiraceae	Lachnotalea
t1566	Bacteria	Firmicutes	Clostridia	Oscillospirales	Oscillospiraceae	UBA9475
t4095	Bacteria	Firmicutes	Negativicutes	Veillonellales	Veillonellaceae	Veillonella
t1411	Bacteria	Firmicutes	Clostridia	Lachnospirales	Lachnospiraceae	Oribacterium
t2309	Bacteria	Firmicutes	Clostridia	TANB77	CAG-508	UMGS1663
t2724	Bacteria	Firmicutes	Bacilli	Erysipelotrichales	Erysipelotrichaceae	Clostridium_AQ
t1546	Bacteria	Proteobacteria	Gammaproteobacteria	Enterobacterales	Pasteurellaceae	Rodentibacter
t3387	Bacteria	Proteobacteria	Gammaproteobacteria	Enterobacterales	Enterobacteriaceae	Superficieibacter
t5357	Bacteria	Firmicutes	Bacilli	Haloplasmatales_A	Turicibacteraceae	Turicibacter
t8719	Bacteria	Firmicutes	Bacilli	Erysipelotrichales	Erysipelotrichaceae	Faecalibaculum
t2431	Bacteria	Spirochaetota	Brachyspirae	Brachyspirales	Brachyspiraceae	Brachyspira
t5397	Bacteria	Firmicutes	Clostridia	Lachnospirales	Lachnospiraceae	Faecalimonas
t3911	Bacteria	Firmicutes	Clostridia_A	Christensenellales	CAG-314	CAG-314
t5141	Bacteria	Firmicutes	Clostridia_A	Christensenellales	RUG350	RUG350
t1791	Bacteria	Firmicutes	Clostridia	Peptostreptococcales	Anaerovoracaceae	Emergencia
t5621	Bacteria	Cyanobacteria	Vampirovibrionia	Gastranaerophilales	Gastranaerophilaceae	CAG-196
t2815	Bacteria	Cyanobacteria	Vampirovibrionia	Gastranaerophilales	Gastranaerophilaceae	Zag1
t8800	Bacteria	Bacteroidota	Bacteroidia	Bacteroidales	Rikenellaceae	Tidjanibacter
t4106	Bacteria	Firmicutes	Clostridia	Lachnospirales	Lachnospiraceae	Muricomes
t3906	Bacteria	Proteobacteria	Alphaproteobacteria	RF32	CAG-239	CAG-495
t5369	Bacteria	Firmicutes	Bacilli	Erysipelotrichales	Erysipelatoclostridiaceae	CHKCI006
t7893	Bacteria	Firmicutes	Bacilli	Erysipelotrichales	Erysipelotrichaceae	Holdemania
t5685	Bacteria	Bacteroidota	Bacteroidia	Bacteroidales	Rikenellaceae	Rikenella
t2612	Bacteria	Firmicutes	Bacilli	Lactobacillales	Aerococcaceae	Suicoccus
t5622	Bacteria	Firmicutes	Bacilli	RF39	UBA660	CAG-417
t9136	Bacteria	Firmicutes	Clostridia	Oscillospirales	QAKW01	Firm-08
t7585	Bacteria	Actinobacteriota	Coriobacteriia	Coriobacteriales	Eggerthellaceae	ZJ304
t2470	Bacteria	Firmicutes	Negativicutes	Selenomonadales	Selenomonadaceae	Anaerovibrio
t5745	Bacteria	Firmicutes	Clostridia	Lachnospirales	Lachnospiraceae	1XD8-76
t1519	Bacteria	Firmicutes	Clostridia	Clostridiales	Clostridiaceae	Dwaynesavagella
t2609	Bacteria	Firmicutes	Clostridia	Lachnospirales	Lachnospiraceae	Eubacterium_G
t2146	Bacteria	Firmicutes	Clostridia	Lachnospirales	Lachnospiraceae	Eubacterium_J
t2415	Bacteria	Firmicutes	Clostridia	Tissierellales	Peptoniphilaceae	Peptoniphilus_A
t5704	Bacteria	Firmicutes	Clostridia	Oscillospirales	Acutalibacteraceae	Anaeromassilibacillus
t4790	Bacteria	Firmicutes	Clostridia	Lachnospirales	Lachnospiraceae	CAG-56
t1716	Bacteria	Desulfobacterota	Desulfovibrionia	Desulfovibrionales	Desulfovibrionaceae	Desulfovibrio
t4239	Bacteria	Firmicutes	Clostridia	Lachnospirales	Lachnospiraceae	Anaerocolumna
t3286	Bacteria	Firmicutes	Clostridia	Oscillospirales	Ruminococcaceae	Ruminococcus_C
t685	Bacteria	Firmicutes	Bacilli	RF39	UBA660	CAG-460
t4758	Bacteria	Firmicutes	Clostridia	Lachnospirales	Lachnospiraceae	Lachnoclostridium_A
t3909	Bacteria	Firmicutes	Bacilli	RF39	UBA660	UBA3631
t2304	Bacteria	Firmicutes	Bacilli	RF39	UBA660	UBA5026
t2773	Bacteria	Bacteroidota	Bacteroidia	Bacteroidales	Rikenellaceae	Alistipes
t2548	Bacteria	Firmicutes	Clostridia	Lachnospirales	Lachnospiraceae	Anaerosacchariphilus
t6627	Bacteria	Proteobacteria	Gammaproteobacteria	Burkholderiales	Burkholderiaceae	Parasutterella
t5610	Bacteria	Firmicutes	Bacilli	Acholeplasmatales	Anaeroplasmataceae	UMGS268
t3367	Bacteria	Proteobacteria	Alphaproteobacteria	Rhizobiales_A	Rhizobiaceae_A	Ochrobactrum_A
t9405	Bacteria	Firmicutes	Clostridia	Oscillospirales	Butyricicoccaceae	QXXE01
t1768	Bacteria	Firmicutes	Bacilli	Lactobacillales	Streptococcaceae	Lactococcus
t1321	Bacteria	Proteobacteria	Gammaproteobacteria	Pseudomonadales	Moraxellaceae	Acinetobacter
t6586	Bacteria	Cyanobacteria	Vampirovibrionia	Gastranaerophilales	Gastranaerophilaceae	Zag111
t1492	Bacteria	Firmicutes	Clostridia	Lachnospirales	Lachnospiraceae	Mediterraneibacter
t4037	Bacteria	Firmicutes	Clostridia	Oscillospirales	Oscillospiraceae	Intestinimonas
t7841	Bacteria	Firmicutes	Clostridia	Oscillospirales	Oscillospiraceae	UMGS1872
t3575	Bacteria	Firmicutes	Clostridia	Oscillospirales	Oscillospiraceae	Marseille-P3106
t2706	Bacteria	Firmicutes	Clostridia	Oscillospirales	Acutalibacteraceae	Caprobacter
t7102	Bacteria	Firmicutes	Clostridia	Lachnospirales	Lachnospiraceae	An181
t1240	Bacteria	Proteobacteria	Gammaproteobacteria	Pseudomonadales	Pseudomonadaceae	Pseudomonas_E
t7069	Bacteria	Firmicutes	Bacilli	Erysipelotrichales	Erysipelotrichaceae	Allobaculum
t1394	Bacteria	Firmicutes	Clostridia	Acetivibrionales	Acetivibrionaceae	Hungateiclostridium
t6303	Bacteria	Firmicutes	Bacilli	Lactobacillales	Carnobacteriaceae	Pisciglobus
t8020	Bacteria	Firmicutes	Clostridia	Peptostreptococcales	Anaerovoracaceae	Bacilliculturomica
t3562	Bacteria	Firmicutes	Bacilli	Lactobacillales	Aerococcaceae	Trichococcus
t1898	Bacteria	Proteobacteria	Gammaproteobacteria	Burkholderiales	Burkholderiaceae	Achromobacter
t6734	Bacteria	Firmicutes	Bacilli	Erysipelotrichales	Erysipelotrichaceae	Amedibacterium
t1229	Bacteria	Firmicutes	Bacilli	Mycoplasmatales	Metamycoplasmataceae	Mesomycoplasma
t2025	Bacteria	Actinobacteriota	Coriobacteriia	Coriobacteriales	Atopobiaceae	Olegusella
t1142	Bacteria	Firmicutes	Clostridia	Lachnospirales	Lachnospiraceae	Enterocloster
t4781	Bacteria	Firmicutes	Clostridia	Lachnospirales	DSM-24629	Natranaerovirga
t1608	Bacteria	Proteobacteria	Gammaproteobacteria	Xanthomonadales	Xanthomonadaceae	Stenotrophomonas
t9036	Bacteria	Deferribacterota	Deferribacteres	Deferribacterales	Mucispirillaceae	Mucispirillum
t7007	Bacteria	Firmicutes	Clostridia	UMGS1810	UMGS1810	NSJ-50
t4188	Bacteria	Firmicutes	Clostridia	Lachnospirales	Lachnospiraceae	CAG-81
t679	Bacteria	Firmicutes	Clostridia	Lachnospirales	Lachnospiraceae	Blautia_A
t1311	Bacteria	Proteobacteria	Alphaproteobacteria	Rhizobiales_A	Rhizobiaceae_A	Bartonella
t1126	Bacteria	Proteobacteria	Gammaproteobacteria	Enterobacterales	Enterobacteriaceae	Kosakonia
t1557	Bacteria	Proteobacteria	Gammaproteobacteria	Enterobacterales	Enterobacteriaceae	Pantoea
t2436	Bacteria	Bacteroidota	Bacteroidia	Flavobacteriales	Weeksellaceae	Kaistella
t6116	Bacteria	Firmicutes	Clostridia	Oscillospirales	CAG-272	RUG13077
t1145	Bacteria	Firmicutes	Clostridia	TANB77	CAG-508	CAG-492
t3041	Bacteria	Firmicutes	Clostridia	Lachnospirales	Anaerotignaceae	Anaerotignum
t7480	Bacteria	Firmicutes	Clostridia	Lachnospirales	Lachnospiraceae	Butyrivibrio_A
t1612	Bacteria	Firmicutes	Bacilli	Lactobacillales	Lactobacillaceae	Lactiplantibacillus
t4694	Bacteria	Firmicutes	Clostridia	Lachnospirales	Lachnospiraceae	Lachnoclostridium
t1843	Bacteria	Firmicutes	Bacilli	Staphylococcales	Salinicoccaceae	Jeotgalicoccus
t2689	Bacteria	Firmicutes	Clostridia	Lachnospirales	Lachnospiraceae	Ruminococcus_B
t2582	Bacteria	Firmicutes	Clostridia	Lachnospirales	Lachnospiraceae	Clostridium_Q
t8786	Bacteria	Firmicutes	Clostridia	Oscillospirales	Oscillospiraceae	Sporobacter
t3996	Bacteria	Firmicutes	Clostridia	Lachnospirales	Lachnospiraceae	ASTD01
t1320	Bacteria	Firmicutes	Clostridia	Tissierellales	Peptoniphilaceae	Anaerococcus
t4266	Bacteria	Firmicutes	Bacilli	RFN20	CAG-288	CAG-345
t2611	Bacteria	Firmicutes	Clostridia	Lachnospirales	Lachnospiraceae	Eisenbergiella
t1899	Bacteria	Firmicutes	Clostridia	Lachnospirales	Lachnospiraceae	Roseburia
t2672	Bacteria	Firmicutes	Bacilli	Bacillales_A	Planococcaceae	Ureibacillus
t5681	Bacteria	Actinobacteriota	Coriobacteriia	Coriobacteriales	Eggerthellaceae	Adlercreutzia
t3590	Bacteria	Firmicutes	Clostridia	Oscillospirales	Butyricicoccaceae	Butyricicoccus
t1581	Bacteria	Firmicutes	Clostridia	Oscillospirales	Ruminococcaceae	Faecalibacterium
t1278	Bacteria	Bacteroidota	Bacteroidia	Bacteroidales	Marinifilaceae	Odoribacter
t3916	Bacteria	Firmicutes	Clostridia	TANB77	CAG-508	UMGS1994
t3160	Bacteria	Firmicutes	Clostridia	Peptostreptococcales	Anaerovoracaceae	UBA1191
t9020	Bacteria	Firmicutes	Bacilli	Erysipelotrichales	Erysipelotrichaceae	Amedibacillus
t5940	Bacteria	Bacteroidota	Bacteroidia	Bacteroidales	DTU049	GWF2-43-63
t2331	Bacteria	Firmicutes	Bacilli	RF39	UBA660	CAG-822
t3506	Bacteria	Firmicutes	Clostridia	Oscillospirales	Oscillospiraceae	An92
t1143	Bacteria	Bacteroidota	Bacteroidia	Bacteroidales	Muribaculaceae	Paramuribaculum
t2795	Bacteria	Firmicutes	Clostridia	Oscillospirales	Oscillospiraceae	Papillibacter
t813	Bacteria	Firmicutes	Clostridia	Peptostreptococcales	Anaerovoracaceae	Aminipila
t7101	Bacteria	Firmicutes	Clostridia	Oscillospirales	Acutalibacteraceae	UBA4871
t7104	Bacteria	Proteobacteria	Gammaproteobacteria	Burkholderiales	Burkholderiaceae	Turicimonas
t5689	Bacteria	Bacteroidota	Bacteroidia	Bacteroidales	UBA932	Bact-08
t3903	Bacteria	Firmicutes	Clostridia	Oscillospirales	Acutalibacteraceae	CAG-180
t2593	Bacteria	Firmicutes	Clostridia	Lachnospirales	Lachnospiraceae	Hungatella
t1495	Bacteria	Firmicutes	Bacilli	Lactobacillales	Aerococcaceae	Aerococcus
t9103	Bacteria	Firmicutes	Bacilli	Erysipelotrichales	Erysipelotrichaceae	NSJ-61
t5303	Bacteria	Bacteroidota	Bacteroidia	Flavobacteriales	Weeksellaceae	Bergeyella_A
t4249	Bacteria	Firmicutes	Clostridia	Lachnospirales	Lachnospiraceae	Acetatifactor
t2476	Bacteria	Firmicutes	Clostridia	Lachnospirales	Lachnospiraceae	Kineothrix
t2512	Bacteria	Firmicutes	Bacilli	Lactobacillales	Enterococcaceae	Enterococcus_B
t5488	Bacteria	Actinobacteriota	Coriobacteriia	Coriobacteriales	QAMH01	QAMH01
t4653	Bacteria	Firmicutes	Clostridia	Lachnospirales	Lachnospiraceae	Dorea
t7448	Bacteria	Bacteroidota	Bacteroidia	Bacteroidales	Muribaculaceae	Amulumruptor
t8713	Bacteria	Firmicutes	Clostridia	Lachnospirales	Lachnospiraceae	Fusicatenibacter
t9070	Bacteria	Firmicutes	Clostridia_A	Christensenellales	Borkfalkiaceae	Borkfalkia
t6771	Bacteria	Firmicutes	Clostridia	Oscillospirales	Acutalibacteraceae	Marseille-P4683
t6307	Bacteria	Firmicutes	Bacilli	Lactobacillales	Carnobacteriaceae	Atopostipes
t2289	Bacteria	Proteobacteria	Alphaproteobacteria	Rhizobiales	Rhizobiaceae	Aureimonas_A
t1106	Bacteria	Actinobacteriota	Actinomycetia	Actinomycetales	Microbacteriaceae	Microbacterium
t2329	Bacteria	Firmicutes	Bacilli	RF39	UBA660	CAG-1000
t6898	Bacteria	Firmicutes	Clostridia	Oscillospirales	Butyricicoccaceae	AM07-15
t3200	Bacteria	Firmicutes	Bacilli	Mycoplasmatales	Mycoplasmoidaceae	Malacoplasma_A
t1234	Bacteria	Firmicutes	Clostridia	Tissierellales	Peptoniphilaceae	Finegoldia
t5192	Bacteria	Actinobacteriota	Coriobacteriia	Coriobacteriales	Eggerthellaceae	Eggerthella
t792	Bacteria	Proteobacteria	Gammaproteobacteria	Burkholderiales	Burkholderiaceae	Pusillimonas_A
t3162	Bacteria	Firmicutes	Clostridia	Lachnospirales	Lachnospiraceae	NSJ-38
t1264	Bacteria	Firmicutes	Clostridia	Oscillospirales	Ruminococcaceae	Massilioclostridium
t5105	Bacteria	Bacteroidota	Bacteroidia	Bacteroidales	BBW3	UBA8529
t5302	Bacteria	Firmicutes	Clostridia	Lachnospirales	Lachnospiraceae	1XD42-69
t1132	Bacteria	Actinobacteriota	Coriobacteriia	Coriobacteriales	Coriobacteriaceae	Collinsella
t5172	Bacteria	Cyanobacteria	Vampirovibrionia	Gastranaerophilales	Gastranaerophilaceae	CAIPUE01
t4962	Bacteria	Cyanobacteria	Vampirovibrionia	Gastranaerophilales	Gastranaerophilaceae	UBA6984
t3577	Bacteria	Firmicutes	Clostridia	Oscillospirales	Ruminococcaceae	Massilimaliae
t9351	Bacteria	Desulfobacterota	Desulfovibrionia	Desulfovibrionales	Desulfovibrionaceae	Bilophila
t2191	Bacteria	Firmicutes	Clostridia	Oscillospirales	Oscillospiraceae	UBA2658
t3602	Bacteria	Firmicutes	Clostridia	Lachnospirales	Lachnospiraceae	CAG-603
t1449	Bacteria	Firmicutes	Bacilli	Bacillales_A	Planococcaceae	Sporosarcina
t3164	Bacteria	Firmicutes	Clostridia	Oscillospirales	Ruminococcaceae	QANG01
t6746	Bacteria	Firmicutes	Clostridia	Oscillospirales	Oscillospiraceae	NSJ-62
t788	Bacteria	Firmicutes	Clostridia	Lachnospirales	Lachnospiraceae	Eubacterium_H
t4434	Bacteria	Bacteroidota	Bacteroidia	Bacteroidales	Bacteroidaceae	F0040
t7196	Bacteria	Firmicutes	Clostridia_A	Christensenellales	Borkfalkiaceae	UBA10281
t1130	Bacteria	Firmicutes	Clostridia	Oscillospirales	Ruminococcaceae	Ruminococcus_D
t3892	Bacteria	Firmicutes	Clostridia	Oscillospirales	Acutalibacteraceae	NSJ-40
t6794	Bacteria	Firmicutes	Bacilli	Erysipelotrichales	Erysipelatoclostridiaceae	Coprobacillus
t4084	Bacteria	Firmicutes	Dehalobacteriia	Dehalobacteriales	Dehalobacteriaceae	Formamonas
t5705	Bacteria	Firmicutes	Clostridia	Lachnospirales	Lachnospiraceae	Dorea_A
t6150	Bacteria	Firmicutes	Clostridia	Oscillospirales	Ruminococcaceae	Ruminococcus_F
t4961	Bacteria	Firmicutes	Clostridia	Lachnospirales	Lachnospiraceae	CAG-194
t8300	Bacteria	Firmicutes	Clostridia	Acetivibrionales	Acetivibrionaceae	Acetivibrio
t5717	Bacteria	Proteobacteria	Gammaproteobacteria	Cardiobacteriales	Wohlfahrtiimonadaceae	Wohlfahrtiimonas
t9426	Bacteria	Firmicutes	Bacilli	Erysipelotrichales	Erysipelotrichaceae	Anaerorhabdus
t1089	Bacteria	Firmicutes	Clostridia	Lachnospirales	Lachnospiraceae	CAG-127
t3773	Bacteria	Bacteroidota	Bacteroidia	Bacteroidales	Muribaculaceae	SFTJ01
t1564	Bacteria	Firmicutes	Clostridia	Lachnospirales	Lachnospiraceae	UBA7182
t3353	Bacteria	Firmicutes	Bacilli	Erysipelotrichales	Erysipelotrichaceae	Ileibacterium
t4583	Bacteria	Bacteroidota	Bacteroidia	Bacteroidales	Bacteroidaceae	Paraprevotella
t4703	Bacteria	Firmicutes	Bacilli	Erysipelotrichales	Erysipelatoclostridiaceae	Beduini
t9304	Bacteria	Firmicutes	Clostridia	Peptostreptococcales	Anaerovoracaceae	CAG-238
t5298	Bacteria	Firmicutes	Clostridia	Lachnospirales	Lachnospiraceae	UBA9414
t5819	Bacteria	Firmicutes	Clostridia	Oscillospirales	Ruminococcaceae	Negativibacillus
t1349	Bacteria	Firmicutes	Clostridia	Oscillospirales	Acutalibacteraceae	Clostridium_E
t1259	Bacteria	Firmicutes	Clostridia	Lachnospirales	Lachnospiraceae	Bariatricus
t2393	Bacteria	Firmicutes	Bacilli	Mycoplasmatales	Mycoplasmoidaceae	Ureaplasma
t3893	Bacteria	Firmicutes	Clostridia	Oscillospirales	BX7	BX7
t2486	Bacteria	Proteobacteria	Gammaproteobacteria	Burkholderiales	Burkholderiaceae	Ralstonia
t1848	Bacteria	Firmicutes	Clostridia	Peptostreptococcales	Peptostreptococcaceae	Romboutsia
t4120	Bacteria	Firmicutes	Clostridia	Oscillospirales	Ruminococcaceae	Anaerotruncus
t8302	Bacteria	Firmicutes	Negativicutes	Selenomonadales	Selenomonadaceae	Selenomonas
t1894	Bacteria	Proteobacteria	Gammaproteobacteria	Enterobacterales	Enterobacteriaceae	Enterobacter
t3819	Bacteria	Firmicutes	Clostridia	Lachnospirales	Lachnospiraceae	MD308
t7488	Bacteria	Firmicutes	Clostridia	Oscillospirales	Oscillospiraceae	Oscillibacter
t1379	Bacteria	Firmicutes	Negativicutes	Selenomonadales	Selenomonadaceae	Mitsuokella
t3615	Bacteria	Firmicutes	Clostridia	Lachnospirales	Lachnospiraceae	UC5-1-2E3
t1262	Bacteria	Firmicutes	Bacilli	Erysipelotrichales	Erysipelotrichaceae	Holdemanella
t1139	Bacteria	Firmicutes	Bacilli	Erysipelotrichales	Erysipelotrichaceae	UBA636
t7113	Bacteria	Firmicutes	Clostridia	Tissierellales	Peptoniphilaceae	Ezakiella
t5396	Bacteria	Firmicutes	Clostridia_A	Christensenellales	CAG-74	UBA11524
t1753	Bacteria	Campylobacterota	Campylobacteria	Campylobacterales	Campylobacteraceae	Campylobacter_D
t2404	Bacteria	Actinobacteriota	Actinomycetia	Propionibacteriales	Propionibacteriaceae	Cutibacterium
t2427	Bacteria	Bacteroidota	Bacteroidia	Bacteroidales	Porphyromonadaceae	Porphyromonas_A
t4658	Bacteria	Proteobacteria	Gammaproteobacteria	Enterobacterales	Pasteurellaceae	Haemophilus_D
t2568	Bacteria	Firmicutes	Bacilli	Staphylococcales	Staphylococcaceae	Staphylococcus_A
t3076	Bacteria	Firmicutes	Clostridia	Oscillospirales	Ruminococcaceae	Ruminiclostridium_E
t7028	Bacteria	Proteobacteria	Alphaproteobacteria	RUG11792	RUG11792	RUG11420
t1910	Bacteria	Firmicutes	Clostridia	Oscillospirales	Ruminococcaceae	UBA1394
t2089	Bacteria	Firmicutes	Clostridia	Oscillospirales	Ruminococcaceae	Ruthenibacterium
t3559	Bacteria	Firmicutes	Clostridia	Oscillospirales	Ruminococcaceae	Ruminococcus
t4784	Bacteria	Firmicutes	Clostridia	Oscillospirales	Ruminococcaceae	Harryflintia
t2374	Bacteria	Desulfobacterota	Desulfuromonadia	Geobacterales	Pseudopelobacteraceae	Pseudopelobacter
t2813	Bacteria	Firmicutes	Clostridia_A	Christensenellales	CAG-917	CAG-475
t6707	Bacteria	Firmicutes	Clostridia	Lachnospirales	Lachnospiraceae	Mediterraneibacter_A
t1535	Bacteria	Firmicutes	Bacilli	Lactobacillales	Carnobacteriaceae	Alkalibacterium
t1182	Bacteria	Proteobacteria	Alphaproteobacteria	RF32	CAG-239	RUG410
t1815	Bacteria	Firmicutes	Clostridia	Lachnospirales	Lachnospiraceae	Anaerosporobacter
t6741	Bacteria	Bacteroidota	Bacteroidia	Flavobacteriales	Weeksellaceae	Empedobacter
t1266	Bacteria	Bacteroidota	Bacteroidia	Sphingobacteriales	Sphingobacteriaceae	Sphingobacterium
t1599	Bacteria	Proteobacteria	Gammaproteobacteria	Pseudomonadales	Pseudomonadaceae	Pseudomonas_A
t6280	Bacteria	Firmicutes	Clostridia	Oscillospirales	CAG-272	UMGS1815
t1481	Bacteria	Firmicutes	Bacilli	Lactobacillales	Lactobacillaceae	Levilactobacillus
t4255	Bacteria	Firmicutes	Bacilli	RF39	UBA660	CAG-776
t5955	Bacteria	Firmicutes	Bacilli	RF39	UBA660	CAG-988
t8636	Bacteria	Firmicutes	SHA-98	Ch115	JABLXJ01	JABLXL01
t4826	Bacteria	Bacteroidota	Bacteroidia	Bacteroidales	BBW3	UBA5261
t4203	Bacteria	Bacteroidota	Bacteroidia	Bacteroidales	BBW3	Tenuifilum
t807	Bacteria	Proteobacteria	Alphaproteobacteria	Caulobacterales	Caulobacteraceae	Brevundimonas
t958	Bacteria	Bacteroidota	Bacteroidia	Bacteroidales	Bacteroidaceae	Prevotellamassilia
t4821	Bacteria	Firmicutes	Clostridia	Oscillospirales	Acutalibacteraceae	Acutalibacter
t1789	Bacteria	Firmicutes	Clostridia	Lachnospirales	Lachnospiraceae	14-2
t2732	Bacteria	Firmicutes	Clostridia	Lachnospirales	Lachnospiraceae	Lacrimispora
t2346	Bacteria	Proteobacteria	Alphaproteobacteria	Rickettsiales	UBA1997	UBA2645
t8647	Bacteria	Bacteroidota	Bacteroidia	Flavobacteriales	Weeksellaceae	JABCPE02
t1846	Bacteria	Firmicutes	Clostridia	Peptostreptococcales	Anaerovoracaceae	BX12
t2375	Bacteria	Campylobacterota	Campylobacteria	Campylobacterales	Helicobacteraceae	Helicobacter_C
t3531	Bacteria	Firmicutes	Negativicutes	Selenomonadales	Selenomonadaceae	Pectinatus
t4870	Bacteria	Firmicutes	Clostridia	Lachnospirales	Lachnospiraceae	UBA7160
t5033	Bacteria	Firmicutes	Clostridia	Oscillospirales	Ruminococcaceae	Angelakisella
t8407	Bacteria	Firmicutes	Clostridia	Oscillospirales	Ruminococcaceae	Phocea
t1355	Bacteria	Firmicutes	Bacilli	Paenibacillales	Paenibacillaceae	Paenibacillus_C
t5291	Bacteria	Firmicutes	Clostridia	Acetivibrionales	Acetivibrionaceae	Anaerobacterium
t2753	Bacteria	Firmicutes	Clostridia	Lachnospirales	Lachnospiraceae	Herbinix
t4116	Bacteria	Firmicutes	Clostridia	Lachnospirales	Lachnospiraceae	RUG115
t5615	Bacteria	Firmicutes	Clostridia	TANB77	CAG-508	CAG-269
t7524	Bacteria	Firmicutes	Bacilli	Bacillales_B	Bacillaceae_C	Bacillus_AH
t3793	Bacteria	Firmicutes	Clostridia	Acetivibrionales	Acetivibrionaceae	Herbivorax
t4875	Bacteria	Firmicutes	Clostridia	TANB77	CAG-508	CAG-452
t8108	Bacteria	Firmicutes	Clostridia_A	Christensenellales	UBA1242	UBA7862
t4433	Bacteria	Firmicutes	Clostridia_A	Christensenellales	CAG-138	CAG-1024
t4463	Bacteria	Patescibacteria	Saccharimonadia	Saccharimonadales	Saccharimonadaceae	UBA2834
t1122	Bacteria	Proteobacteria	Gammaproteobacteria	Enterobacterales	Enterobacteriaceae	Serratia
